name,parent_id,region_id
北京,0,1
天津,0,2
河北省,0,3
山西省,0,4
内蒙古自治区,0,5
辽宁省,0,6
吉林省,0,7
黑龙江省,0,8
上海,0,9
江苏省,0,10
浙江省,0,11
安徽省,0,12
福建省,0,13
江西省,0,14
山东省,0,15
河南省,0,16
湖北省,0,17
湖南省,0,18
广东省,0,19
广西壮族自治区,0,20
海南省,0,21
重庆,0,22
四川省,0,23
贵州省,0,24
云南省,0,25
西藏自治区,0,26
陕西省,0,27
甘肃省,0,28
青海省,0,29
宁夏回族自治区,0,30
新疆维吾尔自治区,0,31
台湾,0,32
香港特别行政区,0,33
澳门特别行政区,0,34
海外,0,35
北京市,1,36
天津市,2,37
石家庄市,3,38
唐山市,3,39
秦皇岛市,3,40
邯郸市,3,41
邢台市,3,42
保定市,3,43
张家口市,3,44
承德市,3,45
沧州市,3,46
廊坊市,3,47
衡水市,3,48
太原市,4,49
大同市,4,50
阳泉市,4,51
长治市,4,52
晋城市,4,53
朔州市,4,54
晋中市,4,55
运城市,4,56
忻州市,4,57
临汾市,4,58
吕梁市,4,59
呼和浩特市,5,60
包头市,5,61
乌海市,5,62
赤峰市,5,63
通辽市,5,64
鄂尔多斯市,5,65
呼伦贝尔市,5,66
巴彦淖尔市,5,67
乌兰察布市,5,68
兴安盟,5,69
锡林郭勒盟,5,70
阿拉善盟,5,71
沈阳市,6,72
大连市,6,73
鞍山市,6,74
抚顺市,6,75
本溪市,6,76
丹东市,6,77
锦州市,6,78
营口市,6,79
阜新市,6,80
辽阳市,6,81
盘锦市,6,82
铁岭市,6,83
朝阳市,6,84
葫芦岛市,6,85
长春市,7,86
吉林市,7,87
四平市,7,88
辽源市,7,89
通化市,7,90
白山市,7,91
松原市,7,92
白城市,7,93
延边朝鲜族自治州,7,94
哈尔滨市,8,95
齐齐哈尔市,8,96
鸡西市,8,97
鹤岗市,8,98
双鸭山市,8,99
大庆市,8,100
伊春市,8,101
佳木斯市,8,102
七台河市,8,103
牡丹江市,8,104
黑河市,8,105
绥化市,8,106
大兴安岭地区,8,107
上海市,9,108
南京市,10,109
无锡市,10,110
徐州市,10,111
常州市,10,112
苏州市,10,113
南通市,10,114
连云港市,10,115
淮安市,10,116
盐城市,10,117
扬州市,10,118
镇江市,10,119
泰州市,10,120
宿迁市,10,121
杭州市,11,122
宁波市,11,123
温州市,11,124
嘉兴市,11,125
湖州市,11,126
绍兴市,11,127
金华市,11,128
衢州市,11,129
舟山市,11,130
台州市,11,131
丽水市,11,132
合肥市,12,133
芜湖市,12,134
蚌埠市,12,135
淮南市,12,136
马鞍山市,12,137
淮北市,12,138
铜陵市,12,139
安庆市,12,140
黄山市,12,141
滁州市,12,142
阜阳市,12,143
宿州市,12,144
六安市,12,145
亳州市,12,146
池州市,12,147
宣城市,12,148
福州市,13,149
厦门市,13,150
莆田市,13,151
三明市,13,152
泉州市,13,153
漳州市,13,154
南平市,13,155
龙岩市,13,156
宁德市,13,157
南昌市,14,158
景德镇市,14,159
萍乡市,14,160
九江市,14,161
新余市,14,162
鹰潭市,14,163
赣州市,14,164
吉安市,14,165
宜春市,14,166
抚州市,14,167
上饶市,14,168
济南市,15,169
青岛市,15,170
淄博市,15,171
枣庄市,15,172
东营市,15,173
烟台市,15,174
潍坊市,15,175
济宁市,15,176
泰安市,15,177
威海市,15,178
日照市,15,179
莱芜市,15,180
临沂市,15,181
德州市,15,182
聊城市,15,183
滨州市,15,184
菏泽市,15,185
郑州市,16,186
开封市,16,187
洛阳市,16,188
平顶山市,16,189
安阳市,16,190
鹤壁市,16,191
新乡市,16,192
焦作市,16,193
濮阳市,16,194
许昌市,16,195
漯河市,16,196
三门峡市,16,197
南阳市,16,198
商丘市,16,199
信阳市,16,200
周口市,16,201
驻马店市,16,202
武汉市,17,203
黄石市,17,204
十堰市,17,205
宜昌市,17,206
襄阳市,17,207
鄂州市,17,208
荆门市,17,209
孝感市,17,210
荆州市,17,211
黄冈市,17,212
咸宁市,17,213
随州市,17,214
恩施土家族苗族自治州,17,215
长沙市,18,216
株洲市,18,217
湘潭市,18,218
衡阳市,18,219
邵阳市,18,220
岳阳市,18,221
常德市,18,222
张家界市,18,223
益阳市,18,224
郴州市,18,225
永州市,18,226
怀化市,18,227
娄底市,18,228
湘西土家族苗族自治州,18,229
广州市,19,230
韶关市,19,231
深圳市,19,232
珠海市,19,233
汕头市,19,234
佛山市,19,235
江门市,19,236
湛江市,19,237
茂名市,19,238
肇庆市,19,239
惠州市,19,240
梅州市,19,241
汕尾市,19,242
河源市,19,243
阳江市,19,244
清远市,19,245
东莞市,19,246
中山市,19,247
东沙群岛,19,248
潮州市,19,249
揭阳市,19,250
云浮市,19,251
南宁市,20,252
柳州市,20,253
桂林市,20,254
梧州市,20,255
北海市,20,256
防城港市,20,257
钦州市,20,258
贵港市,20,259
玉林市,20,260
百色市,20,261
贺州市,20,262
河池市,20,263
来宾市,20,264
崇左市,20,265
海口市,21,266
三亚市,21,267
三沙市,21,268
重庆市,22,269
成都市,23,270
自贡市,23,271
攀枝花市,23,272
泸州市,23,273
德阳市,23,274
绵阳市,23,275
广元市,23,276
遂宁市,23,277
内江市,23,278
乐山市,23,279
南充市,23,280
眉山市,23,281
宜宾市,23,282
广安市,23,283
达州市,23,284
雅安市,23,285
巴中市,23,286
资阳市,23,287
阿坝藏族羌族自治州,23,288
甘孜藏族自治州,23,289
凉山彝族自治州,23,290
贵阳市,24,291
六盘水市,24,292
遵义市,24,293
安顺市,24,294
铜仁市,24,295
黔西南布依族苗族自治州,24,296
毕节市,24,297
黔东南苗族侗族自治州,24,298
黔南布依族苗族自治州,24,299
昆明市,25,300
曲靖市,25,301
玉溪市,25,302
保山市,25,303
昭通市,25,304
丽江市,25,305
普洱市,25,306
临沧市,25,307
楚雄彝族自治州,25,308
红河哈尼族彝族自治州,25,309
文山壮族苗族自治州,25,310
西双版纳傣族自治州,25,311
大理白族自治州,25,312
德宏傣族景颇族自治州,25,313
怒江傈僳族自治州,25,314
迪庆藏族自治州,25,315
拉萨市,26,316
昌都市,26,317
山南地区,26,318
日喀则市,26,319
那曲地区,26,320
阿里地区,26,321
林芝市,26,322
西安市,27,323
铜川市,27,324
宝鸡市,27,325
咸阳市,27,326
渭南市,27,327
延安市,27,328
汉中市,27,329
榆林市,27,330
安康市,27,331
商洛市,27,332
兰州市,28,333
嘉峪关市,28,334
金昌市,28,335
白银市,28,336
天水市,28,337
武威市,28,338
张掖市,28,339
平凉市,28,340
酒泉市,28,341
庆阳市,28,342
定西市,28,343
陇南市,28,344
临夏回族自治州,28,345
甘南藏族自治州,28,346
西宁市,29,347
海东市,29,348
海北藏族自治州,29,349
黄南藏族自治州,29,350
海南藏族自治州,29,351
果洛藏族自治州,29,352
玉树藏族自治州,29,353
海西蒙古族藏族自治州,29,354
银川市,30,355
石嘴山市,30,356
吴忠市,30,357
固原市,30,358
中卫市,30,359
乌鲁木齐市,31,360
克拉玛依市,31,361
吐鲁番市,31,362
哈密地区,31,363
昌吉回族自治州,31,364
博尔塔拉蒙古自治州,31,365
巴音郭楞蒙古自治州,31,366
阿克苏地区,31,367
克孜勒苏柯尔克孜自治州,31,368
喀什地区,31,369
和田地区,31,370
伊犁哈萨克自治州,31,371
塔城地区,31,372
阿勒泰地区,31,373
台北市,32,374
高雄市,32,375
台南市,32,376
台中市,32,377
金门县,32,378
南投县,32,379
基隆市,32,380
新竹市,32,381
嘉义市,32,382
新北市,32,383
宜兰县,32,384
新竹县,32,385
桃园县,32,386
苗栗县,32,387
彰化县,32,388
嘉义县,32,389
云林县,32,390
屏东县,32,391
台东县,32,392
花莲县,32,393
澎湖县,32,394
连江县,32,395
香港岛,33,396
九龙,33,397
新界,33,398
澳门半岛,34,399
离岛,34,400
海外,35,401
东城区,36,402
西城区,36,403
崇文区,36,404
宣武区,36,405
朝阳区,36,406
丰台区,36,407
石景山区,36,408
海淀区,36,409
门头沟区,36,410
房山区,36,411
通州区,36,412
顺义区,36,413
昌平区,36,414
大兴区,36,415
怀柔区,36,416
平谷区,36,417
密云县,36,418
延庆县,36,419
其它区,36,420
和平区,37,421
河东区,37,422
河西区,37,423
南开区,37,424
河北区,37,425
红桥区,37,426
塘沽区,37,427
汉沽区,37,428
大港区,37,429
东丽区,37,430
西青区,37,431
津南区,37,432
北辰区,37,433
武清区,37,434
宝坻区,37,435
滨海新区,37,436
宁河县,37,437
静海县,37,438
蓟县,37,439
其它区,37,440
长安区,38,441
桥东区,38,442
桥西区,38,443
新华区,38,444
井陉矿区,38,445
裕华区,38,446
井陉县,38,447
正定县,38,448
栾城区,38,449
行唐县,38,450
灵寿县,38,451
高邑县,38,452
深泽县,38,453
赞皇县,38,454
无极县,38,455
平山县,38,456
元氏县,38,457
赵县,38,458
辛集市,38,459
藁城区,38,460
晋州市,38,461
新乐市,38,462
鹿泉区,38,463
其它区,38,464
路南区,39,465
路北区,39,466
古冶区,39,467
开平区,39,468
丰南区,39,469
丰润区,39,470
滦县,39,471
滦南县,39,472
乐亭县,39,473
迁西县,39,474
玉田县,39,475
曹妃甸区,39,476
遵化市,39,477
迁安市,39,478
其它区,39,479
海港区,40,480
山海关区,40,481
北戴河区,40,482
青龙满族自治县,40,483
昌黎县,40,484
抚宁县,40,485
卢龙县,40,486
其它区,40,487
经济技术开发区,40,488
邯山区,41,489
丛台区,41,490
复兴区,41,491
峰峰矿区,41,492
邯郸县,41,493
临漳县,41,494
成安县,41,495
大名县,41,496
涉县,41,497
磁县,41,498
肥乡县,41,499
永年县,41,500
邱县,41,501
鸡泽县,41,502
广平县,41,503
馆陶县,41,504
魏县,41,505
曲周县,41,506
武安市,41,507
其它区,41,508
桥东区,42,509
桥西区,42,510
邢台县,42,511
临城县,42,512
内丘县,42,513
柏乡县,42,514
隆尧县,42,515
任县,42,516
南和县,42,517
宁晋县,42,518
巨鹿县,42,519
新河县,42,520
广宗县,42,521
平乡县,42,522
威县,42,523
清河县,42,524
临西县,42,525
南宫市,42,526
沙河市,42,527
其它区,42,528
新市区,43,529
北市区,43,530
南市区,43,531
满城县,43,532
清苑县,43,533
涞水县,43,534
阜平县,43,535
徐水县,43,536
定兴县,43,537
唐县,43,538
高阳县,43,539
容城县,43,540
涞源县,43,541
望都县,43,542
安新县,43,543
易县,43,544
曲阳县,43,545
蠡县,43,546
顺平县,43,547
博野县,43,548
雄县,43,549
涿州市,43,550
定州市,43,551
安国市,43,552
高碑店市,43,553
高开区,43,554
其它区,43,555
桥东区,44,556
桥西区,44,557
宣化区,44,558
下花园区,44,559
宣化县,44,560
张北县,44,561
康保县,44,562
沽源县,44,563
尚义县,44,564
蔚县,44,565
阳原县,44,566
怀安县,44,567
万全县,44,568
怀来县,44,569
涿鹿县,44,570
赤城县,44,571
崇礼县,44,572
其它区,44,573
双桥区,45,574
双滦区,45,575
鹰手营子矿区,45,576
承德县,45,577
兴隆县,45,578
平泉县,45,579
滦平县,45,580
隆化县,45,581
丰宁满族自治县,45,582
宽城满族自治县,45,583
围场满族蒙古族自治县,45,584
其它区,45,585
新华区,46,586
运河区,46,587
沧县,46,588
青县,46,589
东光县,46,590
海兴县,46,591
盐山县,46,592
肃宁县,46,593
南皮县,46,594
吴桥县,46,595
献县,46,596
孟村回族自治县,46,597
泊头市,46,598
任丘市,46,599
黄骅市,46,600
河间市,46,601
其它区,46,602
安次区,47,603
广阳区,47,604
固安县,47,605
永清县,47,606
香河县,47,607
大城县,47,608
文安县,47,609
大厂回族自治县,47,610
开发区,47,611
燕郊经济技术开发区,47,612
霸州市,47,613
三河市,47,614
其它区,47,615
桃城区,48,616
枣强县,48,617
武邑县,48,618
武强县,48,619
饶阳县,48,620
安平县,48,621
故城县,48,622
景县,48,623
阜城县,48,624
冀州市,48,625
深州市,48,626
其它区,48,627
小店区,49,628
迎泽区,49,629
杏花岭区,49,630
尖草坪区,49,631
万柏林区,49,632
晋源区,49,633
清徐县,49,634
阳曲县,49,635
娄烦县,49,636
古交市,49,637
其它区,49,638
城区,50,639
矿区,50,640
南郊区,50,641
新荣区,50,642
阳高县,50,643
天镇县,50,644
广灵县,50,645
灵丘县,50,646
浑源县,50,647
左云县,50,648
大同县,50,649
其它区,50,650
城区,51,651
矿区,51,652
郊区,51,653
平定县,51,654
盂县,51,655
其它区,51,656
长治县,52,657
襄垣县,52,658
屯留县,52,659
平顺县,52,660
黎城县,52,661
壶关县,52,662
长子县,52,663
武乡县,52,664
沁县,52,665
沁源县,52,666
潞城市,52,667
城区,52,668
郊区,52,669
高新区,52,670
其它区,52,671
城区,53,672
沁水县,53,673
阳城县,53,674
陵川县,53,675
泽州县,53,676
高平市,53,677
其它区,53,678
朔城区,54,679
平鲁区,54,680
山阴县,54,681
应县,54,682
右玉县,54,683
怀仁县,54,684
其它区,54,685
榆次区,55,686
榆社县,55,687
左权县,55,688
和顺县,55,689
昔阳县,55,690
寿阳县,55,691
太谷县,55,692
祁县,55,693
平遥县,55,694
灵石县,55,695
介休市,55,696
其它区,55,697
盐湖区,56,698
临猗县,56,699
万荣县,56,700
闻喜县,56,701
稷山县,56,702
新绛县,56,703
绛县,56,704
垣曲县,56,705
夏县,56,706
平陆县,56,707
芮城县,56,708
永济市,56,709
河津市,56,710
其它区,56,711
忻府区,57,712
定襄县,57,713
五台县,57,714
代县,57,715
繁峙县,57,716
宁武县,57,717
静乐县,57,718
神池县,57,719
五寨县,57,720
岢岚县,57,721
河曲县,57,722
保德县,57,723
偏关县,57,724
原平市,57,725
其它区,57,726
尧都区,58,727
曲沃县,58,728
翼城县,58,729
襄汾县,58,730
洪洞县,58,731
古县,58,732
安泽县,58,733
浮山县,58,734
吉县,58,735
乡宁县,58,736
大宁县,58,737
隰县,58,738
永和县,58,739
蒲县,58,740
汾西县,58,741
侯马市,58,742
霍州市,58,743
其它区,58,744
离石区,59,745
文水县,59,746
交城县,59,747
兴县,59,748
临县,59,749
柳林县,59,750
石楼县,59,751
岚县,59,752
方山县,59,753
中阳县,59,754
交口县,59,755
孝义市,59,756
汾阳市,59,757
其它区,59,758
新城区,60,759
回民区,60,760
玉泉区,60,761
赛罕区,60,762
土默特左旗,60,763
托克托县,60,764
和林格尔县,60,765
清水河县,60,766
武川县,60,767
其它区,60,768
东河区,61,769
昆都仑区,61,770
青山区,61,771
石拐区,61,772
白云鄂博矿区,61,773
九原区,61,774
土默特右旗,61,775
固阳县,61,776
达尔罕茂明安联合旗,61,777
其它区,61,778
海勃湾区,62,779
海南区,62,780
乌达区,62,781
其它区,62,782
红山区,63,783
元宝山区,63,784
松山区,63,785
阿鲁科尔沁旗,63,786
巴林左旗,63,787
巴林右旗,63,788
林西县,63,789
克什克腾旗,63,790
翁牛特旗,63,791
喀喇沁旗,63,792
宁城县,63,793
敖汉旗,63,794
其它区,63,795
科尔沁区,64,796
科尔沁左翼中旗,64,797
科尔沁左翼后旗,64,798
开鲁县,64,799
库伦旗,64,800
奈曼旗,64,801
扎鲁特旗,64,802
霍林郭勒市,64,803
其它区,64,804
东胜区,65,805
达拉特旗,65,806
准格尔旗,65,807
鄂托克前旗,65,808
鄂托克旗,65,809
杭锦旗,65,810
乌审旗,65,811
伊金霍洛旗,65,812
其它区,65,813
海拉尔区,66,814
扎赉诺尔区,66,815
阿荣旗,66,816
莫力达瓦达斡尔族自治旗,66,817
鄂伦春自治旗,66,818
鄂温克族自治旗,66,819
陈巴尔虎旗,66,820
新巴尔虎左旗,66,821
新巴尔虎右旗,66,822
满洲里市,66,823
牙克石市,66,824
扎兰屯市,66,825
额尔古纳市,66,826
根河市,66,827
其它区,66,828
临河区,67,829
五原县,67,830
磴口县,67,831
乌拉特前旗,67,832
乌拉特中旗,67,833
乌拉特后旗,67,834
杭锦后旗,67,835
其它区,67,836
集宁区,68,837
卓资县,68,838
化德县,68,839
商都县,68,840
兴和县,68,841
凉城县,68,842
察哈尔右翼前旗,68,843
察哈尔右翼中旗,68,844
察哈尔右翼后旗,68,845
四子王旗,68,846
丰镇市,68,847
其它区,68,848
乌兰浩特市,69,849
阿尔山市,69,850
科尔沁右翼前旗,69,851
科尔沁右翼中旗,69,852
扎赉特旗,69,853
突泉县,69,854
其它区,69,855
二连浩特市,70,856
锡林浩特市,70,857
阿巴嘎旗,70,858
苏尼特左旗,70,859
苏尼特右旗,70,860
东乌珠穆沁旗,70,861
西乌珠穆沁旗,70,862
太仆寺旗,70,863
镶黄旗,70,864
正镶白旗,70,865
正蓝旗,70,866
多伦县,70,867
其它区,70,868
阿拉善左旗,71,869
阿拉善右旗,71,870
额济纳旗,71,871
其它区,71,872
和平区,72,873
沈河区,72,874
大东区,72,875
皇姑区,72,876
铁西区,72,877
苏家屯区,72,878
浑南区,72,879
新城子区,72,880
于洪区,72,881
辽中县,72,882
康平县,72,883
法库县,72,884
新民市,72,885
浑南新区,72,886
张士开发区,72,887
沈北新区,72,888
其它区,72,889
中山区,73,890
西岗区,73,891
沙河口区,73,892
甘井子区,73,893
旅顺口区,73,894
金州区,73,895
长海县,73,896
开发区,73,897
瓦房店市,73,898
普兰店市,73,899
庄河市,73,900
岭前区,73,901
其它区,73,902
铁东区,74,903
铁西区,74,904
立山区,74,905
千山区,74,906
台安县,74,907
岫岩满族自治县,74,908
高新区,74,909
海城市,74,910
其它区,74,911
新抚区,75,912
东洲区,75,913
望花区,75,914
顺城区,75,915
抚顺县,75,916
新宾满族自治县,75,917
清原满族自治县,75,918
其它区,75,919
平山区,76,920
溪湖区,76,921
明山区,76,922
南芬区,76,923
本溪满族自治县,76,924
桓仁满族自治县,76,925
其它区,76,926
元宝区,77,927
振兴区,77,928
振安区,77,929
宽甸满族自治县,77,930
东港市,77,931
凤城市,77,932
其它区,77,933
古塔区,78,934
凌河区,78,935
太和区,78,936
黑山县,78,937
义县,78,938
凌海市,78,939
北镇市,78,940
其它区,78,941
站前区,79,942
西市区,79,943
鲅鱼圈区,79,944
老边区,79,945
盖州市,79,946
大石桥市,79,947
其它区,79,948
海州区,80,949
新邱区,80,950
太平区,80,951
清河门区,80,952
细河区,80,953
阜新蒙古族自治县,80,954
彰武县,80,955
其它区,80,956
白塔区,81,957
文圣区,81,958
宏伟区,81,959
弓长岭区,81,960
太子河区,81,961
辽阳县,81,962
灯塔市,81,963
其它区,81,964
双台子区,82,965
兴隆台区,82,966
大洼县,82,967
盘山县,82,968
其它区,82,969
银州区,83,970
清河区,83,971
铁岭县,83,972
西丰县,83,973
昌图县,83,974
调兵山市,83,975
开原市,83,976
其它区,83,977
双塔区,84,978
龙城区,84,979
朝阳县,84,980
建平县,84,981
喀喇沁左翼蒙古族自治县,84,982
北票市,84,983
凌源市,84,984
其它区,84,985
连山区,85,986
龙港区,85,987
南票区,85,988
绥中县,85,989
建昌县,85,990
兴城市,85,991
其它区,85,992
南关区,86,993
宽城区,86,994
朝阳区,86,995
二道区,86,996
绿园区,86,997
双阳区,86,998
农安县,86,999
九台区,86,1000
榆树市,86,1001
德惠市,86,1002
高新技术产业开发区,86,1003
汽车产业开发区,86,1004
经济技术开发区,86,1005
净月旅游开发区,86,1006
其它区,86,1007
昌邑区,87,1008
龙潭区,87,1009
船营区,87,1010
丰满区,87,1011
永吉县,87,1012
蛟河市,87,1013
桦甸市,87,1014
舒兰市,87,1015
磐石市,87,1016
其它区,87,1017
铁西区,88,1018
铁东区,88,1019
梨树县,88,1020
伊通满族自治县,88,1021
公主岭市,88,1022
双辽市,88,1023
其它区,88,1024
龙山区,89,1025
西安区,89,1026
东丰县,89,1027
东辽县,89,1028
其它区,89,1029
东昌区,90,1030
二道江区,90,1031
通化县,90,1032
辉南县,90,1033
柳河县,90,1034
梅河口市,90,1035
集安市,90,1036
其它区,90,1037
浑江区,91,1038
抚松县,91,1039
靖宇县,91,1040
长白朝鲜族自治县,91,1041
江源区,91,1042
临江市,91,1043
其它区,91,1044
宁江区,92,1045
前郭尔罗斯蒙古族自治县,92,1046
长岭县,92,1047
乾安县,92,1048
扶余市,92,1049
其它区,92,1050
洮北区,93,1051
镇赉县,93,1052
通榆县,93,1053
洮南市,93,1054
大安市,93,1055
其它区,93,1056
延吉市,94,1057
图们市,94,1058
敦化市,94,1059
珲春市,94,1060
龙井市,94,1061
和龙市,94,1062
汪清县,94,1063
安图县,94,1064
其它区,94,1065
道里区,95,1066
南岗区,95,1067
道外区,95,1068
香坊区,95,1069
动力区,95,1070
平房区,95,1071
松北区,95,1072
呼兰区,95,1073
依兰县,95,1074
方正县,95,1075
宾县,95,1076
巴彦县,95,1077
木兰县,95,1078
通河县,95,1079
延寿县,95,1080
阿城区,95,1081
双城区,95,1082
尚志市,95,1083
五常市,95,1084
阿城市,95,1085
其它区,95,1086
龙沙区,96,1087
建华区,96,1088
铁锋区,96,1089
昂昂溪区,96,1090
富拉尔基区,96,1091
碾子山区,96,1092
梅里斯达斡尔族区,96,1093
龙江县,96,1094
依安县,96,1095
泰来县,96,1096
甘南县,96,1097
富裕县,96,1098
克山县,96,1099
克东县,96,1100
拜泉县,96,1101
讷河市,96,1102
其它区,96,1103
鸡冠区,97,1104
恒山区,97,1105
滴道区,97,1106
梨树区,97,1107
城子河区,97,1108
麻山区,97,1109
鸡东县,97,1110
虎林市,97,1111
密山市,97,1112
其它区,97,1113
向阳区,98,1114
工农区,98,1115
南山区,98,1116
兴安区,98,1117
东山区,98,1118
兴山区,98,1119
萝北县,98,1120
绥滨县,98,1121
其它区,98,1122
尖山区,99,1123
岭东区,99,1124
四方台区,99,1125
宝山区,99,1126
集贤县,99,1127
友谊县,99,1128
宝清县,99,1129
饶河县,99,1130
其它区,99,1131
萨尔图区,100,1132
龙凤区,100,1133
让胡路区,100,1134
红岗区,100,1135
大同区,100,1136
肇州县,100,1137
肇源县,100,1138
林甸县,100,1139
杜尔伯特蒙古族自治县,100,1140
其它区,100,1141
伊春区,101,1142
南岔区,101,1143
友好区,101,1144
西林区,101,1145
翠峦区,101,1146
新青区,101,1147
美溪区,101,1148
金山屯区,101,1149
五营区,101,1150
乌马河区,101,1151
汤旺河区,101,1152
带岭区,101,1153
乌伊岭区,101,1154
红星区,101,1155
上甘岭区,101,1156
嘉荫县,101,1157
铁力市,101,1158
其它区,101,1159
永红区,102,1160
向阳区,102,1161
前进区,102,1162
东风区,102,1163
郊区,102,1164
桦南县,102,1165
桦川县,102,1166
汤原县,102,1167
抚远县,102,1168
同江市,102,1169
富锦市,102,1170
其它区,102,1171
新兴区,103,1172
桃山区,103,1173
茄子河区,103,1174
勃利县,103,1175
其它区,103,1176
东安区,104,1177
阳明区,104,1178
爱民区,104,1179
西安区,104,1180
东宁县,104,1181
林口县,104,1182
绥芬河市,104,1183
海林市,104,1184
宁安市,104,1185
穆棱市,104,1186
其它区,104,1187
爱辉区,105,1188
嫩江县,105,1189
逊克县,105,1190
孙吴县,105,1191
北安市,105,1192
五大连池市,105,1193
其它区,105,1194
北林区,106,1195
望奎县,106,1196
兰西县,106,1197
青冈县,106,1198
庆安县,106,1199
明水县,106,1200
绥棱县,106,1201
安达市,106,1202
肇东市,106,1203
海伦市,106,1204
其它区,106,1205
松岭区,107,1206
新林区,107,1207
呼中区,107,1208
呼玛县,107,1209
塔河县,107,1210
漠河县,107,1211
加格达奇区,107,1212
其它区,107,1213
黄浦区,108,1214
卢湾区,108,1215
徐汇区,108,1216
长宁区,108,1217
静安区,108,1218
普陀区,108,1219
闸北区,108,1220
虹口区,108,1221
杨浦区,108,1222
闵行区,108,1223
宝山区,108,1224
嘉定区,108,1225
浦东新区,108,1226
金山区,108,1227
松江区,108,1228
青浦区,108,1229
南汇区,108,1230
奉贤区,108,1231
川沙区,108,1232
崇明县,108,1233
其它区,108,1234
玄武区,109,1235
白下区,109,1236
秦淮区,109,1237
建邺区,109,1238
鼓楼区,109,1239
下关区,109,1240
浦口区,109,1241
栖霞区,109,1242
雨花台区,109,1243
江宁区,109,1244
六合区,109,1245
溧水区,109,1246
高淳区,109,1247
其它区,109,1248
崇安区,110,1249
南长区,110,1250
北塘区,110,1251
锡山区,110,1252
惠山区,110,1253
滨湖区,110,1254
江阴市,110,1255
宜兴市,110,1256
新区,110,1257
其它区,110,1258
鼓楼区,111,1259
云龙区,111,1260
九里区,111,1261
贾汪区,111,1262
泉山区,111,1263
丰县,111,1264
沛县,111,1265
铜山区,111,1266
睢宁县,111,1267
新沂市,111,1268
邳州市,111,1269
其它区,111,1270
天宁区,112,1271
钟楼区,112,1272
戚墅堰区,112,1273
新北区,112,1274
武进区,112,1275
溧阳市,112,1276
金坛市,112,1277
其它区,112,1278
沧浪区,113,1279
平江区,113,1280
金阊区,113,1281
虎丘区,113,1282
吴中区,113,1283
相城区,113,1284
姑苏区,113,1285
常熟市,113,1286
张家港市,113,1287
昆山市,113,1288
吴江区,113,1289
太仓市,113,1290
新区,113,1291
园区,113,1292
其它区,113,1293
崇川区,114,1294
港闸区,114,1295
通州区,114,1296
海安县,114,1297
如东县,114,1298
启东市,114,1299
如皋市,114,1300
通州市,114,1301
海门市,114,1302
开发区,114,1303
其它区,114,1304
连云区,115,1305
新浦区,115,1306
海州区,115,1307
赣榆区,115,1308
东海县,115,1309
灌云县,115,1310
灌南县,115,1311
其它区,115,1312
清河区,116,1313
淮安区,116,1314
淮阴区,116,1315
清浦区,116,1316
涟水县,116,1317
洪泽县,116,1318
盱眙县,116,1319
金湖县,116,1320
其它区,116,1321
亭湖区,117,1322
盐都区,117,1323
响水县,117,1324
滨海县,117,1325
阜宁县,117,1326
射阳县,117,1327
建湖县,117,1328
东台市,117,1329
大丰市,117,1330
其它区,117,1331
广陵区,118,1332
邗江区,118,1333
维扬区,118,1334
宝应县,118,1335
仪征市,118,1336
高邮市,118,1337
江都区,118,1338
经济开发区,118,1339
其它区,118,1340
京口区,119,1341
润州区,119,1342
丹徒区,119,1343
丹阳市,119,1344
扬中市,119,1345
句容市,119,1346
其它区,119,1347
海陵区,120,1348
高港区,120,1349
兴化市,120,1350
靖江市,120,1351
泰兴市,120,1352
姜堰区,120,1353
其它区,120,1354
宿城区,121,1355
宿豫区,121,1356
沭阳县,121,1357
泗阳县,121,1358
泗洪县,121,1359
其它区,121,1360
上城区,122,1361
下城区,122,1362
江干区,122,1363
拱墅区,122,1364
西湖区,122,1365
滨江区,122,1366
萧山区,122,1367
余杭区,122,1368
桐庐县,122,1369
淳安县,122,1370
建德市,122,1371
富阳区,122,1372
临安市,122,1373
其它区,122,1374
海曙区,123,1375
江东区,123,1376
江北区,123,1377
北仑区,123,1378
镇海区,123,1379
鄞州区,123,1380
象山县,123,1381
宁海县,123,1382
余姚市,123,1383
慈溪市,123,1384
奉化市,123,1385
其它区,123,1386
鹿城区,124,1387
龙湾区,124,1388
瓯海区,124,1389
洞头县,124,1390
永嘉县,124,1391
平阳县,124,1392
苍南县,124,1393
文成县,124,1394
泰顺县,124,1395
瑞安市,124,1396
乐清市,124,1397
其它区,124,1398
南湖区,125,1399
秀洲区,125,1400
嘉善县,125,1401
海盐县,125,1402
海宁市,125,1403
平湖市,125,1404
桐乡市,125,1405
其它区,125,1406
吴兴区,126,1407
南浔区,126,1408
德清县,126,1409
长兴县,126,1410
安吉县,126,1411
其它区,126,1412
越城区,127,1413
柯桥区,127,1414
新昌县,127,1415
诸暨市,127,1416
上虞区,127,1417
嵊州市,127,1418
其它区,127,1419
婺城区,128,1420
金东区,128,1421
武义县,128,1422
浦江县,128,1423
磐安县,128,1424
兰溪市,128,1425
义乌市,128,1426
东阳市,128,1427
永康市,128,1428
其它区,128,1429
柯城区,129,1430
衢江区,129,1431
常山县,129,1432
开化县,129,1433
龙游县,129,1434
江山市,129,1435
其它区,129,1436
定海区,130,1437
普陀区,130,1438
岱山县,130,1439
嵊泗县,130,1440
其它区,130,1441
椒江区,131,1442
黄岩区,131,1443
路桥区,131,1444
玉环县,131,1445
三门县,131,1446
天台县,131,1447
仙居县,131,1448
温岭市,131,1449
临海市,131,1450
其它区,131,1451
莲都区,132,1452
青田县,132,1453
缙云县,132,1454
遂昌县,132,1455
松阳县,132,1456
云和县,132,1457
庆元县,132,1458
景宁畲族自治县,132,1459
龙泉市,132,1460
其它区,132,1461
瑶海区,133,1462
庐阳区,133,1463
蜀山区,133,1464
包河区,133,1465
长丰县,133,1466
肥东县,133,1467
肥西县,133,1468
高新区,133,1469
中区,133,1470
其它区,133,1471
镜湖区,134,1472
弋江区,134,1473
鸠江区,134,1474
三山区,134,1475
芜湖县,134,1476
繁昌县,134,1477
南陵县,134,1478
其它区,134,1479
龙子湖区,135,1480
蚌山区,135,1481
禹会区,135,1482
淮上区,135,1483
怀远县,135,1484
五河县,135,1485
固镇县,135,1486
其它区,135,1487
大通区,136,1488
田家庵区,136,1489
谢家集区,136,1490
八公山区,136,1491
潘集区,136,1492
凤台县,136,1493
其它区,136,1494
金家庄区,137,1495
花山区,137,1496
雨山区,137,1497
博望区,137,1498
当涂县,137,1499
其它区,137,1500
杜集区,138,1501
相山区,138,1502
烈山区,138,1503
濉溪县,138,1504
其它区,138,1505
铜官山区,139,1506
狮子山区,139,1507
郊区,139,1508
铜陵县,139,1509
其它区,139,1510
迎江区,140,1511
大观区,140,1512
宜秀区,140,1513
怀宁县,140,1514
枞阳县,140,1515
潜山县,140,1516
太湖县,140,1517
宿松县,140,1518
望江县,140,1519
岳西县,140,1520
桐城市,140,1521
其它区,140,1522
屯溪区,141,1523
黄山区,141,1524
徽州区,141,1525
歙县,141,1526
休宁县,141,1527
黟县,141,1528
祁门县,141,1529
其它区,141,1530
琅琊区,142,1531
南谯区,142,1532
来安县,142,1533
全椒县,142,1534
定远县,142,1535
凤阳县,142,1536
天长市,142,1537
明光市,142,1538
其它区,142,1539
颍州区,143,1540
颍东区,143,1541
颍泉区,143,1542
临泉县,143,1543
太和县,143,1544
阜南县,143,1545
颍上县,143,1546
界首市,143,1547
其它区,143,1548
桥区,144,1549
砀山县,144,1550
萧县,144,1551
灵璧县,144,1552
泗县,144,1553
其它区,144,1554
巢湖市,133,1555
居巢区,133,1556
庐江县,133,1557
无为县,134,1558
含山县,137,1559
和县,137,1560
金安区,145,1561
裕安区,145,1562
寿县,145,1563
霍邱县,145,1564
舒城县,145,1565
金寨县,145,1566
霍山县,145,1567
其它区,145,1568
谯城区,146,1569
涡阳县,146,1570
蒙城县,146,1571
利辛县,146,1572
其它区,146,1573
贵池区,147,1574
东至县,147,1575
石台县,147,1576
青阳县,147,1577
其它区,147,1578
宣州区,148,1579
郎溪县,148,1580
广德县,148,1581
泾县,148,1582
绩溪县,148,1583
旌德县,148,1584
宁国市,148,1585
其它区,148,1586
鼓楼区,149,1587
台江区,149,1588
仓山区,149,1589
马尾区,149,1590
晋安区,149,1591
闽侯县,149,1592
连江县,149,1593
罗源县,149,1594
闽清县,149,1595
永泰县,149,1596
平潭县,149,1597
福清市,149,1598
长乐市,149,1599
其它区,149,1600
思明区,150,1601
海沧区,150,1602
湖里区,150,1603
集美区,150,1604
同安区,150,1605
翔安区,150,1606
其它区,150,1607
城厢区,151,1608
涵江区,151,1609
荔城区,151,1610
秀屿区,151,1611
仙游县,151,1612
其它区,151,1613
梅列区,152,1614
三元区,152,1615
明溪县,152,1616
清流县,152,1617
宁化县,152,1618
大田县,152,1619
尤溪县,152,1620
沙县,152,1621
将乐县,152,1622
泰宁县,152,1623
建宁县,152,1624
永安市,152,1625
其它区,152,1626
鲤城区,153,1627
丰泽区,153,1628
洛江区,153,1629
泉港区,153,1630
惠安县,153,1631
安溪县,153,1632
永春县,153,1633
德化县,153,1634
金门县,153,1635
石狮市,153,1636
晋江市,153,1637
南安市,153,1638
其它区,153,1639
芗城区,154,1640
龙文区,154,1641
云霄县,154,1642
漳浦县,154,1643
诏安县,154,1644
长泰县,154,1645
东山县,154,1646
南靖县,154,1647
平和县,154,1648
华安县,154,1649
龙海市,154,1650
其它区,154,1651
延平区,155,1652
顺昌县,155,1653
浦城县,155,1654
光泽县,155,1655
松溪县,155,1656
政和县,155,1657
邵武市,155,1658
武夷山市,155,1659
建瓯市,155,1660
建阳区,155,1661
其它区,155,1662
新罗区,156,1663
长汀县,156,1664
永定区,156,1665
上杭县,156,1666
武平县,156,1667
连城县,156,1668
漳平市,156,1669
其它区,156,1670
蕉城区,157,1671
霞浦县,157,1672
古田县,157,1673
屏南县,157,1674
寿宁县,157,1675
周宁县,157,1676
柘荣县,157,1677
福安市,157,1678
福鼎市,157,1679
其它区,157,1680
东湖区,158,1681
西湖区,158,1682
青云谱区,158,1683
湾里区,158,1684
青山湖区,158,1685
南昌县,158,1686
新建县,158,1687
安义县,158,1688
进贤县,158,1689
红谷滩新区,158,1690
经济技术开发区,158,1691
昌北区,158,1692
其它区,158,1693
昌江区,159,1694
珠山区,159,1695
浮梁县,159,1696
乐平市,159,1697
其它区,159,1698
安源区,160,1699
湘东区,160,1700
莲花县,160,1701
上栗县,160,1702
芦溪县,160,1703
其它区,160,1704
庐山区,161,1705
浔阳区,161,1706
九江县,161,1707
武宁县,161,1708
修水县,161,1709
永修县,161,1710
德安县,161,1711
星子县,161,1712
都昌县,161,1713
湖口县,161,1714
彭泽县,161,1715
瑞昌市,161,1716
其它区,161,1717
共青城市,161,1718
渝水区,162,1719
分宜县,162,1720
其它区,162,1721
月湖区,163,1722
余江县,163,1723
贵溪市,163,1724
其它区,163,1725
章贡区,164,1726
赣县,164,1727
信丰县,164,1728
大余县,164,1729
上犹县,164,1730
崇义县,164,1731
安远县,164,1732
龙南县,164,1733
定南县,164,1734
全南县,164,1735
宁都县,164,1736
于都县,164,1737
兴国县,164,1738
会昌县,164,1739
寻乌县,164,1740
石城县,164,1741
黄金区,164,1742
瑞金市,164,1743
南康区,164,1744
其它区,164,1745
吉州区,165,1746
青原区,165,1747
吉安县,165,1748
吉水县,165,1749
峡江县,165,1750
新干县,165,1751
永丰县,165,1752
泰和县,165,1753
遂川县,165,1754
万安县,165,1755
安福县,165,1756
永新县,165,1757
井冈山市,165,1758
其它区,165,1759
袁州区,166,1760
奉新县,166,1761
万载县,166,1762
上高县,166,1763
宜丰县,166,1764
靖安县,166,1765
铜鼓县,166,1766
丰城市,166,1767
樟树市,166,1768
高安市,166,1769
其它区,166,1770
临川区,167,1771
南城县,167,1772
黎川县,167,1773
南丰县,167,1774
崇仁县,167,1775
乐安县,167,1776
宜黄县,167,1777
金溪县,167,1778
资溪县,167,1779
东乡县,167,1780
广昌县,167,1781
其它区,167,1782
信州区,168,1783
上饶县,168,1784
广丰区,168,1785
玉山县,168,1786
铅山县,168,1787
横峰县,168,1788
弋阳县,168,1789
余干县,168,1790
鄱阳县,168,1791
万年县,168,1792
婺源县,168,1793
德兴市,168,1794
其它区,168,1795
历下区,169,1796
市中区,169,1797
槐荫区,169,1798
天桥区,169,1799
历城区,169,1800
长清区,169,1801
平阴县,169,1802
济阳县,169,1803
商河县,169,1804
章丘市,169,1805
其它区,169,1806
市南区,170,1807
市北区,170,1808
四方区,170,1809
黄岛区,170,1810
崂山区,170,1811
李沧区,170,1812
城阳区,170,1813
开发区,170,1814
胶州市,170,1815
即墨市,170,1816
平度市,170,1817
胶南市,170,1818
莱西市,170,1819
其它区,170,1820
淄川区,171,1821
张店区,171,1822
博山区,171,1823
临淄区,171,1824
周村区,171,1825
桓台县,171,1826
高青县,171,1827
沂源县,171,1828
其它区,171,1829
市中区,172,1830
薛城区,172,1831
峄城区,172,1832
台儿庄区,172,1833
山亭区,172,1834
滕州市,172,1835
其它区,172,1836
东营区,173,1837
河口区,173,1838
垦利县,173,1839
利津县,173,1840
广饶县,173,1841
西城区,173,1842
东城区,173,1843
其它区,173,1844
芝罘区,174,1845
福山区,174,1846
牟平区,174,1847
莱山区,174,1848
长岛县,174,1849
龙口市,174,1850
莱阳市,174,1851
莱州市,174,1852
蓬莱市,174,1853
招远市,174,1854
栖霞市,174,1855
海阳市,174,1856
其它区,174,1857
潍城区,175,1858
寒亭区,175,1859
坊子区,175,1860
奎文区,175,1861
临朐县,175,1862
昌乐县,175,1863
开发区,175,1864
青州市,175,1865
诸城市,175,1866
寿光市,175,1867
安丘市,175,1868
高密市,175,1869
昌邑市,175,1870
其它区,175,1871
市中区,176,1872
任城区,176,1873
微山县,176,1874
鱼台县,176,1875
金乡县,176,1876
嘉祥县,176,1877
汶上县,176,1878
泗水县,176,1879
梁山县,176,1880
曲阜市,176,1881
兖州区,176,1882
邹城市,176,1883
其它区,176,1884
泰山区,177,1885
岱岳区,177,1886
宁阳县,177,1887
东平县,177,1888
新泰市,177,1889
肥城市,177,1890
其它区,177,1891
环翠区,178,1892
文登区,178,1893
荣成市,178,1894
乳山市,178,1895
其它区,178,1896
东港区,179,1897
岚山区,179,1898
五莲县,179,1899
莒县,179,1900
其它区,179,1901
莱城区,180,1902
钢城区,180,1903
其它区,180,1904
兰山区,181,1905
罗庄区,181,1906
河东区,181,1907
沂南县,181,1908
郯城县,181,1909
沂水县,181,1910
兰陵县,181,1911
费县,181,1912
平邑县,181,1913
莒南县,181,1914
蒙阴县,181,1915
临沭县,181,1916
其它区,181,1917
德城区,182,1918
陵城区,182,1919
宁津县,182,1920
庆云县,182,1921
临邑县,182,1922
齐河县,182,1923
平原县,182,1924
夏津县,182,1925
武城县,182,1926
开发区,182,1927
乐陵市,182,1928
禹城市,182,1929
其它区,182,1930
东昌府区,183,1931
阳谷县,183,1932
莘县,183,1933
茌平县,183,1934
东阿县,183,1935
冠县,183,1936
高唐县,183,1937
临清市,183,1938
其它区,183,1939
滨城区,184,1940
惠民县,184,1941
阳信县,184,1942
无棣县,184,1943
沾化区,184,1944
博兴县,184,1945
邹平县,184,1946
其它区,184,1947
牡丹区,185,1948
曹县,185,1949
单县,185,1950
成武县,185,1951
巨野县,185,1952
郓城县,185,1953
鄄城县,185,1954
定陶县,185,1955
东明县,185,1956
其它区,185,1957
中原区,186,1958
二七区,186,1959
管城回族区,186,1960
金水区,186,1961
上街区,186,1962
惠济区,186,1963
中牟县,186,1964
巩义市,186,1965
荥阳市,186,1966
新密市,186,1967
新郑市,186,1968
登封市,186,1969
郑东新区,186,1970
高新区,186,1971
其它区,186,1972
龙亭区,187,1973
顺河回族区,187,1974
鼓楼区,187,1975
禹王台区,187,1976
金明区,187,1977
杞县,187,1978
通许县,187,1979
尉氏县,187,1980
祥符区,187,1981
兰考县,187,1982
其它区,187,1983
老城区,188,1984
西工区,188,1985
e河回族区,188,1986
涧西区,188,1987
吉利区,188,1988
洛龙区,188,1989
孟津县,188,1990
新安县,188,1991
栾川县,188,1992
嵩县,188,1993
汝阳县,188,1994
宜阳县,188,1995
洛宁县,188,1996
伊川县,188,1997
偃师市,188,1998
新华区,189,1999
卫东区,189,2000
石龙区,189,2001
湛河区,189,2002
宝丰县,189,2003
叶县,189,2004
鲁山县,189,2005
郏县,189,2006
舞钢市,189,2007
汝州市,189,2008
其它区,189,2009
文峰区,190,2010
北关区,190,2011
殷都区,190,2012
龙安区,190,2013
安阳县,190,2014
汤阴县,190,2015
滑县,190,2016
内黄县,190,2017
林州市,190,2018
其它区,190,2019
鹤山区,191,2020
山城区,191,2021
淇滨区,191,2022
浚县,191,2023
淇县,191,2024
其它区,191,2025
红旗区,192,2026
卫滨区,192,2027
凤泉区,192,2028
牧野区,192,2029
新乡县,192,2030
获嘉县,192,2031
原阳县,192,2032
延津县,192,2033
封丘县,192,2034
长垣县,192,2035
卫辉市,192,2036
辉县市,192,2037
其它区,192,2038
解放区,193,2039
中站区,193,2040
马村区,193,2041
山阳区,193,2042
修武县,193,2043
博爱县,193,2044
武陟县,193,2045
温县,193,2046
沁阳市,193,2047
孟州市,193,2048
其它区,193,2049
华龙区,194,2050
清丰县,194,2051
南乐县,194,2052
范县,194,2053
台前县,194,2054
濮阳县,194,2055
其它区,194,2056
魏都区,195,2057
许昌县,195,2058
鄢陵县,195,2059
襄城县,195,2060
禹州市,195,2061
长葛市,195,2062
其它区,195,2063
源汇区,196,2064
郾城区,196,2065
召陵区,196,2066
舞阳县,196,2067
临颍县,196,2068
其它区,196,2069
湖滨区,197,2070
渑池县,197,2071
陕州区,197,2072
卢氏县,197,2073
义马市,197,2074
灵宝市,197,2075
其它区,197,2076
宛城区,198,2077
卧龙区,198,2078
南召县,198,2079
方城县,198,2080
西峡县,198,2081
镇平县,198,2082
内乡县,198,2083
淅川县,198,2084
社旗县,198,2085
唐河县,198,2086
新野县,198,2087
桐柏县,198,2088
邓州市,198,2089
其它区,198,2090
梁园区,199,2091
睢阳区,199,2092
民权县,199,2093
睢县,199,2094
宁陵县,199,2095
柘城县,199,2096
虞城县,199,2097
夏邑县,199,2098
永城市,199,2099
其它区,199,2100
负忧,200,2101
平桥区,200,2102
罗山县,200,2103
光山县,200,2104
新县,200,2105
商城县,200,2106
固始县,200,2107
潢川县,200,2108
淮滨县,200,2109
息县,200,2110
其它区,200,2111
川汇区,201,2112
扶沟县,201,2113
西华县,201,2114
商水县,201,2115
沈丘县,201,2116
郸城县,201,2117
淮阳县,201,2118
太康县,201,2119
鹿邑县,201,2120
项城市,201,2121
其它区,201,2122
驿城区,202,2123
西平县,202,2124
上蔡县,202,2125
平舆县,202,2126
正阳县,202,2127
确山县,202,2128
泌阳县,202,2129
汝南县,202,2130
遂平县,202,2131
新蔡县,202,2132
其它区,202,2133
江岸区,203,2134
江汉区,203,2135
~口区,203,2136
汉阳区,203,2137
武昌区,203,2138
青山区,203,2139
洪山区,203,2140
东西湖区,203,2141
汉南区,203,2142
蔡甸区,203,2143
江夏区,203,2144
黄陂区,203,2145
新洲区,203,2146
其它区,203,2147
黄石港区,204,2148
西塞山区,204,2149
下陆区,204,2150
铁山区,204,2151
阳新县,204,2152
大冶市,204,2153
其它区,204,2154
茅箭区,205,2155
张湾区,205,2156
郧阳区,205,2157
郧西县,205,2158
竹山县,205,2159
竹溪县,205,2160
房县,205,2161
丹江口市,205,2162
城区,205,2163
其它区,205,2164
西陵区,206,2165
伍家岗区,206,2166
点军区,206,2167
V亭区,206,2168
夷陵区,206,2169
远安县,206,2170
兴山县,206,2171
秭归县,206,2172
长阳土家族自治县,206,2173
五峰土家族自治县,206,2174
葛洲坝区,206,2175
开发区,206,2176
宜都市,206,2177
当阳市,206,2178
枝江市,206,2179
其它区,206,2180
襄城区,207,2181
樊城区,207,2182
襄州区,207,2183
南漳县,207,2184
谷城县,207,2185
保康县,207,2186
老河口市,207,2187
枣阳市,207,2188
宜城市,207,2189
其它区,207,2190
梁子湖区,208,2191
华容区,208,2192
鄂城区,208,2193
其它区,208,2194
东宝区,209,2195
掇刀区,209,2196
京山县,209,2197
沙洋县,209,2198
钟祥市,209,2199
其它区,209,2200
孝南区,210,2201
孝昌县,210,2202
大悟县,210,2203
云梦县,210,2204
应城市,210,2205
安陆市,210,2206
汉川市,210,2207
其它区,210,2208
沙市区,211,2209
荆州区,211,2210
公安县,211,2211
监利县,211,2212
江陵县,211,2213
石首市,211,2214
洪湖市,211,2215
松滋市,211,2216
其它区,211,2217
黄州区,212,2218
团风县,212,2219
红安县,212,2220
罗田县,212,2221
英山县,212,2222
浠水县,212,2223
蕲春县,212,2224
黄梅县,212,2225
麻城市,212,2226
武穴市,212,2227
其它区,212,2228
咸安区,213,2229
嘉鱼县,213,2230
通城县,213,2231
崇阳县,213,2232
通山县,213,2233
赤壁市,213,2234
温泉城区,213,2235
其它区,213,2236
曾都区,214,2237
随县,214,2238
广水市,214,2239
其它区,214,2240
恩施,215,2241
利川市,215,2242
建始县,215,2243
巴东县,215,2244
宣恩县,215,2245
咸丰县,215,2246
来凤县,215,2247
鹤峰县,215,2248
其它区,215,2249
芙蓉区,216,2250
天心区,216,2251
岳麓区,216,2252
开福区,216,2253
雨花区,216,2254
长沙县,216,2255
望城区,216,2256
宁乡县,216,2257
浏阳市,216,2258
其它区,216,2259
荷塘区,217,2260
芦淞区,217,2261
石峰区,217,2262
天元区,217,2263
株洲县,217,2264
攸县,217,2265
茶陵县,217,2266
炎陵县,217,2267
醴陵市,217,2268
其它区,217,2269
雨湖区,218,2270
岳塘区,218,2271
湘潭县,218,2272
湘乡市,218,2273
韶山市,218,2274
其它区,218,2275
珠晖区,219,2276
雁峰区,219,2277
石鼓区,219,2278
蒸湘区,219,2279
南岳区,219,2280
衡阳县,219,2281
衡南县,219,2282
衡山县,219,2283
衡东县,219,2284
祁东县,219,2285
耒阳市,219,2286
常宁市,219,2287
其它区,219,2288
双清区,220,2289
大祥区,220,2290
北塔区,220,2291
邵东县,220,2292
新邵县,220,2293
邵阳县,220,2294
隆回县,220,2295
洞口县,220,2296
绥宁县,220,2297
新宁县,220,2298
城步苗族自治县,220,2299
武冈市,220,2300
其它区,220,2301
岳阳楼区,221,2302
云溪区,221,2303
君山区,221,2304
岳阳县,221,2305
华容县,221,2306
湘阴县,221,2307
平江县,221,2308
汨罗市,221,2309
临湘市,221,2310
其它区,221,2311
武陵区,222,2312
鼎城区,222,2313
安乡县,222,2314
汉寿县,222,2315
澧县,222,2316
临澧县,222,2317
桃源县,222,2318
石门县,222,2319
津市市,222,2320
其它区,222,2321
永定区,223,2322
武陵源区,223,2323
慈利县,223,2324
桑植县,223,2325
其它区,223,2326
资阳区,224,2327
赫山区,224,2328
南县,224,2329
桃江县,224,2330
安化县,224,2331
沅江市,224,2332
其它区,224,2333
北湖区,225,2334
苏仙区,225,2335
桂阳县,225,2336
宜章县,225,2337
永兴县,225,2338
嘉禾县,225,2339
临武县,225,2340
汝城县,225,2341
桂东县,225,2342
安仁县,225,2343
资兴市,225,2344
其它区,225,2345
零陵区,226,2346
冷水滩区,226,2347
祁阳县,226,2348
东安县,226,2349
双牌县,226,2350
道县,226,2351
江永县,226,2352
宁远县,226,2353
蓝山县,226,2354
新田县,226,2355
江华瑶族自治县,226,2356
其它区,226,2357
鹤城区,227,2358
中方县,227,2359
沅陵县,227,2360
辰溪县,227,2361
溆浦县,227,2362
会同县,227,2363
麻阳苗族自治县,227,2364
新晃侗族自治县,227,2365
芷江侗族自治县,227,2366
靖州苗族侗族自治县,227,2367
通道侗族自治县,227,2368
洪江市,227,2369
其它区,227,2370
娄星区,228,2371
双峰县,228,2372
新化县,228,2373
冷水江市,228,2374
涟源市,228,2375
其它区,228,2376
吉首市,229,2377
泸溪县,229,2378
凤凰县,229,2379
花垣县,229,2380
保靖县,229,2381
古丈县,229,2382
永顺县,229,2383
龙山县,229,2384
其它区,229,2385
荔湾区,230,2386
越秀区,230,2387
海珠区,230,2388
天河区,230,2389
白云区,230,2390
黄埔区,230,2391
番禺区,230,2392
花都区,230,2393
南沙区,230,2394
萝岗区,230,2395
增城区,230,2396
从化区,230,2397
东山区,230,2398
其它区,230,2399
武江区,231,2400
浈江区,231,2401
曲江区,231,2402
始兴县,231,2403
仁化县,231,2404
翁源县,231,2405
乳源瑶族自治县,231,2406
新丰县,231,2407
乐昌市,231,2408
南雄市,231,2409
其它区,231,2410
罗湖区,232,2411
福田区,232,2412
南山区,232,2413
宝安区,232,2414
龙岗区,232,2415
盐田区,232,2416
其它区,232,2417
光明新区,232,2418
坪山新区,232,2419
大鹏新区,232,2420
龙华新区,232,2421
香洲区,233,2422
斗门区,233,2423
金湾区,233,2424
金唐区,233,2425
南湾区,233,2426
其它区,233,2427
龙湖区,234,2428
金平区,234,2429
濠江区,234,2430
潮阳区,234,2431
潮南区,234,2432
澄海区,234,2433
南澳县,234,2434
其它区,234,2435
禅城区,235,2436
南海区,235,2437
顺德区,235,2438
三水区,235,2439
高明区,235,2440
其它区,235,2441
蓬江区,236,2442
江海区,236,2443
新会区,236,2444
台山市,236,2445
开平市,236,2446
鹤山市,236,2447
恩平市,236,2448
其它区,236,2449
赤坎区,237,2450
霞山区,237,2451
坡头区,237,2452
麻章区,237,2453
遂溪县,237,2454
徐闻县,237,2455
廉江市,237,2456
雷州市,237,2457
吴川市,237,2458
其它区,237,2459
茂南区,238,2460
电白区,238,2461
电白县,238,2462
高州市,238,2463
化州市,238,2464
信宜市,238,2465
其它区,238,2466
端州区,239,2467
鼎湖区,239,2468
广宁县,239,2469
怀集县,239,2470
封开县,239,2471
德庆县,239,2472
高要市,239,2473
四会市,239,2474
其它区,239,2475
惠城区,240,2476
惠阳区,240,2477
博罗县,240,2478
惠东县,240,2479
龙门县,240,2480
其它区,240,2481
梅江区,241,2482
梅县区,241,2483
大埔县,241,2484
丰顺县,241,2485
五华县,241,2486
平远县,241,2487
蕉岭县,241,2488
兴宁市,241,2489
其它区,241,2490
城区,242,2491
海丰县,242,2492
陆河县,242,2493
陆丰市,242,2494
其它区,242,2495
源城区,243,2496
紫金县,243,2497
龙川县,243,2498
连平县,243,2499
和平县,243,2500
东源县,243,2501
其它区,243,2502
江城区,244,2503
阳西县,244,2504
阳东区,244,2505
阳春市,244,2506
其它区,244,2507
清城区,245,2508
佛冈县,245,2509
阳山县,245,2510
连山壮族瑶族自治县,245,2511
连南瑶族自治县,245,2512
清新区,245,2513
英德市,245,2514
连州市,245,2515
其它区,245,2516
湘桥区,249,2517
潮安区,249,2518
饶平县,249,2519
枫溪区,249,2520
其它区,249,2521
榕城区,250,2522
揭东区,250,2523
揭西县,250,2524
惠来县,250,2525
普宁市,250,2526
东山区,250,2527
其它区,250,2528
云城区,251,2529
新兴县,251,2530
郁南县,251,2531
云安区,251,2532
罗定市,251,2533
其它区,251,2534
兴宁区,252,2535
青秀区,252,2536
江南区,252,2537
西乡塘区,252,2538
良庆区,252,2539
邕宁区,252,2540
武鸣区,252,2541
隆安县,252,2542
马山县,252,2543
上林县,252,2544
宾阳县,252,2545
横县,252,2546
其它区,252,2547
城中区,253,2548
鱼峰区,253,2549
柳南区,253,2550
柳北区,253,2551
柳江县,253,2552
柳城县,253,2553
鹿寨县,253,2554
融安县,253,2555
融水苗族自治县,253,2556
三江侗族自治县,253,2557
其它区,253,2558
秀峰区,254,2559
叠彩区,254,2560
象山区,254,2561
七星区,254,2562
雁山区,254,2563
阳朔县,254,2564
临桂区,254,2565
灵川县,254,2566
全州县,254,2567
兴安县,254,2568
永福县,254,2569
灌阳县,254,2570
龙胜各族自治县,254,2571
资源县,254,2572
平乐县,254,2573
荔浦县,254,2574
恭城瑶族自治县,254,2575
其它区,254,2576
万秀区,255,2577
蝶山区,255,2578
长洲区,255,2579
龙圩区,255,2580
苍梧县,255,2581
藤县,255,2582
蒙山县,255,2583
岑溪市,255,2584
其它区,255,2585
海城区,256,2586
银海区,256,2587
铁山港区,256,2588
合浦县,256,2589
其它区,256,2590
港口区,257,2591
防城区,257,2592
上思县,257,2593
东兴市,257,2594
其它区,257,2595
钦南区,258,2596
钦北区,258,2597
灵山县,258,2598
浦北县,258,2599
其它区,258,2600
港北区,259,2601
港南区,259,2602
覃塘区,259,2603
平南县,259,2604
桂平市,259,2605
其它区,259,2606
玉州区,260,2607
福绵区,260,2608
容县,260,2609
陆川县,260,2610
博白县,260,2611
兴业县,260,2612
北流市,260,2613
其它区,260,2614
右江区,261,2615
田阳县,261,2616
田东县,261,2617
平果县,261,2618
德保县,261,2619
靖西县,261,2620
那坡县,261,2621
凌云县,261,2622
乐业县,261,2623
田林县,261,2624
西林县,261,2625
隆林各族自治县,261,2626
其它区,261,2627
八步区,262,2628
平桂管理区,262,2629
昭平县,262,2630
钟山县,262,2631
富川瑶族自治县,262,2632
其它区,262,2633
金城江区,263,2634
南丹县,263,2635
天峨县,263,2636
凤山县,263,2637
东兰县,263,2638
罗城仫佬族自治县,263,2639
环江毛南族自治县,263,2640
巴马瑶族自治县,263,2641
都安瑶族自治县,263,2642
大化瑶族自治县,263,2643
宜州市,263,2644
其它区,263,2645
兴宾区,264,2646
忻城县,264,2647
象州县,264,2648
武宣县,264,2649
金秀瑶族自治县,264,2650
合山市,264,2651
其它区,264,2652
江州区,265,2653
扶绥县,265,2654
宁明县,265,2655
龙州县,265,2656
大新县,265,2657
天等县,265,2658
凭祥市,265,2659
其它区,265,2660
秀英区,266,2661
龙华区,266,2662
琼山区,266,2663
美兰区,266,2664
其它区,266,2665
西沙群岛,268,2666
南沙群岛,268,2667
中沙群岛的岛礁及其海域,268,2668
高新区,188,2669
其它区,188,2670
万州区,269,2671
涪陵区,269,2672
渝中区,269,2673
大渡口区,269,2674
江北区,269,2675
沙坪坝区,269,2676
九龙坡区,269,2677
南岸区,269,2678
北碚区,269,2679
万盛区,269,2680
双桥区,269,2681
渝北区,269,2682
巴南区,269,2683
黔江区,269,2684
长寿区,269,2685
綦江区,269,2686
潼南县,269,2687
铜梁区,269,2688
大足区,269,2689
荣昌县,269,2690
璧山区,269,2691
梁平县,269,2692
城口县,269,2693
丰都县,269,2694
垫江县,269,2695
武隆县,269,2696
忠县,269,2697
开县,269,2698
云阳县,269,2699
奉节县,269,2700
巫山县,269,2701
巫溪县,269,2702
石柱土家族自治县,269,2703
秀山土家族苗族自治县,269,2704
酉阳土家族苗族自治县,269,2705
彭水苗族土家族自治县,269,2706
江津区,269,2707
合川区,269,2708
永川区,269,2709
南川区,269,2710
其它区,269,2711
锦江区,270,2712
青羊区,270,2713
金牛区,270,2714
武侯区,270,2715
成华区,270,2716
龙泉驿区,270,2717
青白江区,270,2718
新都区,270,2719
温江区,270,2720
金堂县,270,2721
双流县,270,2722
郫县,270,2723
大邑县,270,2724
蒲江县,270,2725
新津县,270,2726
都江堰市,270,2727
彭州市,270,2728
邛崃市,270,2729
崇州市,270,2730
其它区,270,2731
自流井区,271,2732
贡井区,271,2733
大安区,271,2734
沿滩区,271,2735
荣县,271,2736
富顺县,271,2737
其它区,271,2738
东区,272,2739
西区,272,2740
仁和区,272,2741
米易县,272,2742
盐边县,272,2743
其它区,272,2744
江阳区,273,2745
纳溪区,273,2746
龙马潭区,273,2747
泸县,273,2748
合江县,273,2749
叙永县,273,2750
古蔺县,273,2751
其它区,273,2752
旌阳区,274,2753
中江县,274,2754
罗江县,274,2755
广汉市,274,2756
什邡市,274,2757
绵竹市,274,2758
其它区,274,2759
涪城区,275,2760
游仙区,275,2761
三台县,275,2762
盐亭县,275,2763
安县,275,2764
梓潼县,275,2765
北川羌族自治县,275,2766
平武县,275,2767
高新区,275,2768
江油市,275,2769
其它区,275,2770
利州区,276,2771
昭化区,276,2772
朝天区,276,2773
旺苍县,276,2774
青川县,276,2775
剑阁县,276,2776
苍溪县,276,2777
其它区,276,2778
船山区,277,2779
安居区,277,2780
蓬溪县,277,2781
射洪县,277,2782
大英县,277,2783
其它区,277,2784
市中区,278,2785
东兴区,278,2786
威远县,278,2787
资中县,278,2788
隆昌县,278,2789
其它区,278,2790
市中区,279,2791
沙湾区,279,2792
五通桥区,279,2793
金口河区,279,2794
犍为县,279,2795
井研县,279,2796
夹江县,279,2797
沐川县,279,2798
峨边彝族自治县,279,2799
马边彝族自治县,279,2800
峨眉山市,279,2801
其它区,279,2802
顺庆区,280,2803
高坪区,280,2804
嘉陵区,280,2805
南部县,280,2806
营山县,280,2807
蓬安县,280,2808
仪陇县,280,2809
西充县,280,2810
阆中市,280,2811
其它区,280,2812
东坡区,281,2813
仁寿县,281,2814
彭山区,281,2815
洪雅县,281,2816
丹棱县,281,2817
青神县,281,2818
其它区,281,2819
翠屏区,282,2820
宜宾县,282,2821
南溪区,282,2822
江安县,282,2823
长宁县,282,2824
高县,282,2825
珙县,282,2826
筠连县,282,2827
兴文县,282,2828
屏山县,282,2829
其它区,282,2830
广安区,283,2831
前锋区,283,2832
岳池县,283,2833
武胜县,283,2834
邻水县,283,2835
华蓥市,283,2836
市辖区,283,2837
其它区,283,2838
通川区,284,2839
达川区,284,2840
宣汉县,284,2841
开江县,284,2842
大竹县,284,2843
渠县,284,2844
万源市,284,2845
其它区,284,2846
雨城区,285,2847
名山区,285,2848
荥经县,285,2849
汉源县,285,2850
石棉县,285,2851
天全县,285,2852
芦山县,285,2853
宝兴县,285,2854
其它区,285,2855
巴州区,286,2856
恩阳区,286,2857
通江县,286,2858
南江县,286,2859
平昌县,286,2860
其它区,286,2861
雁江区,287,2862
安岳县,287,2863
乐至县,287,2864
简阳市,287,2865
其它区,287,2866
汶川县,288,2867
理县,288,2868
茂县,288,2869
松潘县,288,2870
九寨沟县,288,2871
金川县,288,2872
小金县,288,2873
黑水县,288,2874
马尔康县,288,2875
壤塘县,288,2876
阿坝县,288,2877
若尔盖县,288,2878
红原县,288,2879
其它区,288,2880
康定市,289,2881
泸定县,289,2882
丹巴县,289,2883
九龙县,289,2884
雅江县,289,2885
道孚县,289,2886
炉霍县,289,2887
甘孜县,289,2888
新龙县,289,2889
德格县,289,2890
白玉县,289,2891
石渠县,289,2892
色达县,289,2893
理塘县,289,2894
巴塘县,289,2895
乡城县,289,2896
稻城县,289,2897
得荣县,289,2898
其它区,289,2899
西昌市,290,2900
木里藏族自治县,290,2901
盐源县,290,2902
德昌县,290,2903
会理县,290,2904
会东县,290,2905
宁南县,290,2906
普格县,290,2907
布拖县,290,2908
金阳县,290,2909
昭觉县,290,2910
喜德县,290,2911
冕宁县,290,2912
越西县,290,2913
甘洛县,290,2914
美姑县,290,2915
雷波县,290,2916
其它区,290,2917
南明区,291,2918
云岩区,291,2919
花溪区,291,2920
乌当区,291,2921
白云区,291,2922
小河区,291,2923
开阳县,291,2924
息烽县,291,2925
修文县,291,2926
观山湖区,291,2927
清镇市,291,2928
其它区,291,2929
钟山区,292,2930
六枝特区,292,2931
水城县,292,2932
盘县,292,2933
其它区,292,2934
红花岗区,293,2935
汇川区,293,2936
遵义县,293,2937
桐梓县,293,2938
绥阳县,293,2939
正安县,293,2940
道真仡佬族苗族自治县,293,2941
务川仡佬族苗族自治县,293,2942
凤冈县,293,2943
湄潭县,293,2944
余庆县,293,2945
习水县,293,2946
赤水市,293,2947
仁怀市,293,2948
其它区,293,2949
西秀区,294,2950
平坝区,294,2951
普定县,294,2952
镇宁布依族苗族自治县,294,2953
关岭布依族苗族自治县,294,2954
紫云苗族布依族自治县,294,2955
其它区,294,2956
碧江区,295,2957
江口县,295,2958
玉屏侗族自治县,295,2959
石阡县,295,2960
思南县,295,2961
印江土家族苗族自治县,295,2962
德江县,295,2963
沿河土家族自治县,295,2964
松桃苗族自治县,295,2965
万山区,295,2966
其它区,295,2967
兴义市,296,2968
兴仁县,296,2969
普安县,296,2970
晴隆县,296,2971
贞丰县,296,2972
望谟县,296,2973
册亨县,296,2974
安龙县,296,2975
其它区,296,2976
七星关区,297,2977
大方县,297,2978
黔西县,297,2979
金沙县,297,2980
织金县,297,2981
纳雍县,297,2982
威宁彝族回族苗族自治县,297,2983
赫章县,297,2984
其它区,297,2985
凯里市,298,2986
黄平县,298,2987
施秉县,298,2988
三穗县,298,2989
镇远县,298,2990
岑巩县,298,2991
天柱县,298,2992
锦屏县,298,2993
剑河县,298,2994
台江县,298,2995
黎平县,298,2996
榕江县,298,2997
从江县,298,2998
雷山县,298,2999
麻江县,298,3000
丹寨县,298,3001
其它区,298,3002
都匀市,299,3003
福泉市,299,3004
荔波县,299,3005
贵定县,299,3006
瓮安县,299,3007
独山县,299,3008
平塘县,299,3009
罗甸县,299,3010
长顺县,299,3011
龙里县,299,3012
惠水县,299,3013
三都水族自治县,299,3014
其它区,299,3015
五华区,300,3016
盘龙区,300,3017
官渡区,300,3018
西山区,300,3019
东川区,300,3020
呈贡区,300,3021
晋宁县,300,3022
富民县,300,3023
宜良县,300,3024
石林彝族自治县,300,3025
嵩明县,300,3026
禄劝彝族苗族自治县,300,3027
寻甸回族彝族自治县,300,3028
安宁市,300,3029
其它区,300,3030
麒麟区,301,3031
马龙县,301,3032
陆良县,301,3033
师宗县,301,3034
罗平县,301,3035
富源县,301,3036
会泽县,301,3037
沾益县,301,3038
宣威市,301,3039
其它区,301,3040
红塔区,302,3041
江川县,302,3042
澄江县,302,3043
通海县,302,3044
华宁县,302,3045
易门县,302,3046
峨山彝族自治县,302,3047
新平彝族傣族自治县,302,3048
元江哈尼族彝族傣族自治县,302,3049
其它区,302,3050
隆阳区,303,3051
施甸县,303,3052
腾冲县,303,3053
龙陵县,303,3054
昌宁县,303,3055
其它区,303,3056
昭阳区,304,3057
鲁甸县,304,3058
巧家县,304,3059
盐津县,304,3060
大关县,304,3061
永善县,304,3062
绥江县,304,3063
镇雄县,304,3064
彝良县,304,3065
威信县,304,3066
水富县,304,3067
其它区,304,3068
古城区,305,3069
玉龙纳西族自治县,305,3070
永胜县,305,3071
华坪县,305,3072
宁蒗彝族自治县,305,3073
其它区,305,3074
思茅区,306,3075
宁洱哈尼族彝族自治县,306,3076
墨江哈尼族自治县,306,3077
景东彝族自治县,306,3078
景谷傣族彝族自治县,306,3079
镇沅彝族哈尼族拉祜族自治县,306,3080
江城哈尼族彝族自治县,306,3081
孟连傣族拉祜族佤族自治县,306,3082
澜沧拉祜族自治县,306,3083
西盟佤族自治县,306,3084
其它区,306,3085
临翔区,307,3086
凤庆县,307,3087
云县,307,3088
永德县,307,3089
镇康县,307,3090
双江拉祜族佤族布朗族傣族自治县,307,3091
耿马傣族佤族自治县,307,3092
沧源佤族自治县,307,3093
其它区,307,3094
楚雄市,308,3095
双柏县,308,3096
牟定县,308,3097
南华县,308,3098
姚安县,308,3099
大姚县,308,3100
永仁县,308,3101
元谋县,308,3102
武定县,308,3103
禄丰县,308,3104
其它区,308,3105
个旧市,309,3106
开远市,309,3107
蒙自市,309,3108
屏边苗族自治县,309,3109
建水县,309,3110
石屏县,309,3111
弥勒市,309,3112
泸西县,309,3113
元阳县,309,3114
红河县,309,3115
金平苗族瑶族傣族自治县,309,3116
绿春县,309,3117
河口瑶族自治县,309,3118
其它区,309,3119
文山市,310,3120
砚山县,310,3121
西畴县,310,3122
麻栗坡县,310,3123
马关县,310,3124
丘北县,310,3125
广南县,310,3126
富宁县,310,3127
其它区,310,3128
景洪市,311,3129
勐海县,311,3130
勐腊县,311,3131
其它区,311,3132
大理市,312,3133
漾濞彝族自治县,312,3134
祥云县,312,3135
宾川县,312,3136
弥渡县,312,3137
南涧彝族自治县,312,3138
巍山彝族回族自治县,312,3139
永平县,312,3140
云龙县,312,3141
洱源县,312,3142
剑川县,312,3143
鹤庆县,312,3144
其它区,312,3145
瑞丽市,313,3146
芒市,313,3147
梁河县,313,3148
盈江县,313,3149
陇川县,313,3150
其它区,313,3151
泸水县,314,3152
福贡县,314,3153
贡山独龙族怒族自治县,314,3154
兰坪白族普米族自治县,314,3155
其它区,314,3156
香格里拉市,315,3157
德钦县,315,3158
维西傈僳族自治县,315,3159
其它区,315,3160
城关区,316,3161
林周县,316,3162
当雄县,316,3163
尼木县,316,3164
曲水县,316,3165
堆龙德庆县,316,3166
达孜县,316,3167
墨竹工卡县,316,3168
其它区,316,3169
卡若区,317,3170
江达县,317,3171
贡觉县,317,3172
类乌齐县,317,3173
丁青县,317,3174
察雅县,317,3175
八宿县,317,3176
左贡县,317,3177
芒康县,317,3178
洛隆县,317,3179
边坝县,317,3180
其它区,317,3181
乃东县,318,3182
扎囊县,318,3183
贡嘎县,318,3184
桑日县,318,3185
琼结县,318,3186
曲松县,318,3187
措美县,318,3188
洛扎县,318,3189
加查县,318,3190
隆子县,318,3191
错那县,318,3192
浪卡子县,318,3193
其它区,318,3194
桑珠孜区,319,3195
南木林县,319,3196
江孜县,319,3197
定日县,319,3198
萨迦县,319,3199
拉孜县,319,3200
昂仁县,319,3201
谢通门县,319,3202
白朗县,319,3203
仁布县,319,3204
康马县,319,3205
定结县,319,3206
仲巴县,319,3207
亚东县,319,3208
吉隆县,319,3209
聂拉木县,319,3210
萨嘎县,319,3211
岗巴县,319,3212
其它区,319,3213
那曲县,320,3214
嘉黎县,320,3215
比如县,320,3216
聂荣县,320,3217
安多县,320,3218
申扎县,320,3219
索县,320,3220
班戈县,320,3221
巴青县,320,3222
尼玛县,320,3223
其它区,320,3224
双湖县,320,3225
普兰县,321,3226
札达县,321,3227
噶尔县,321,3228
日土县,321,3229
革吉县,321,3230
改则县,321,3231
措勤县,321,3232
其它区,321,3233
巴宜区,322,3234
工布江达县,322,3235
米林县,322,3236
墨脱县,322,3237
波密县,322,3238
察隅县,322,3239
朗县,322,3240
其它区,322,3241
新城区,323,3242
碑林区,323,3243
莲湖区,323,3244
灞桥区,323,3245
未央区,323,3246
雁塔区,323,3247
阎良区,323,3248
临潼区,323,3249
长安区,323,3250
蓝田县,323,3251
周至县,323,3252
户县,323,3253
高陵区,323,3254
其它区,323,3255
王益区,324,3256
印台区,324,3257
耀州区,324,3258
宜君县,324,3259
其它区,324,3260
渭滨区,325,3261
金台区,325,3262
陈仓区,325,3263
凤翔县,325,3264
岐山县,325,3265
扶风县,325,3266
眉县,325,3267
陇县,325,3268
千阳县,325,3269
麟游县,325,3270
凤县,325,3271
太白县,325,3272
其它区,325,3273
秦都区,326,3274
杨陵区,326,3275
渭城区,326,3276
三原县,326,3277
泾阳县,326,3278
乾县,326,3279
礼泉县,326,3280
永寿县,326,3281
彬县,326,3282
长武县,326,3283
旬邑县,326,3284
淳化县,326,3285
武功县,326,3286
兴平市,326,3287
其它区,326,3288
临渭区,327,3289
华县,327,3290
潼关县,327,3291
大荔县,327,3292
合阳县,327,3293
澄城县,327,3294
蒲城县,327,3295
白水县,327,3296
富平县,327,3297
韩城市,327,3298
华阴市,327,3299
其它区,327,3300
宝塔区,328,3301
延长县,328,3302
延川县,328,3303
子长县,328,3304
安塞县,328,3305
志丹县,328,3306
吴起县,328,3307
甘泉县,328,3308
富县,328,3309
洛川县,328,3310
宜川县,328,3311
黄龙县,328,3312
黄陵县,328,3313
其它区,328,3314
汉台区,329,3315
南郑县,329,3316
城固县,329,3317
洋县,329,3318
西乡县,329,3319
勉县,329,3320
宁强县,329,3321
略阳县,329,3322
镇巴县,329,3323
留坝县,329,3324
佛坪县,329,3325
其它区,329,3326
榆阳区,330,3327
神木县,330,3328
府谷县,330,3329
横山县,330,3330
靖边县,330,3331
定边县,330,3332
绥德县,330,3333
米脂县,330,3334
佳县,330,3335
吴堡县,330,3336
清涧县,330,3337
子洲县,330,3338
其它区,330,3339
汉滨区,331,3340
汉阴县,331,3341
石泉县,331,3342
宁陕县,331,3343
紫阳县,331,3344
岚皋县,331,3345
平利县,331,3346
镇坪县,331,3347
旬阳县,331,3348
白河县,331,3349
其它区,331,3350
商州区,332,3351
洛南县,332,3352
丹凤县,332,3353
商南县,332,3354
山阳县,332,3355
镇安县,332,3356
柞水县,332,3357
其它区,332,3358
城关区,333,3359
七里河区,333,3360
西固区,333,3361
安宁区,333,3362
红古区,333,3363
永登县,333,3364
皋兰县,333,3365
榆中县,333,3366
其它区,333,3367
金川区,335,3368
永昌县,335,3369
其它区,335,3370
白银区,336,3371
平川区,336,3372
靖远县,336,3373
会宁县,336,3374
景泰县,336,3375
其它区,336,3376
秦州区,337,3377
麦积区,337,3378
清水县,337,3379
秦安县,337,3380
甘谷县,337,3381
武山县,337,3382
张家川回族自治县,337,3383
其它区,337,3384
凉州区,338,3385
民勤县,338,3386
古浪县,338,3387
天祝藏族自治县,338,3388
其它区,338,3389
甘州区,339,3390
肃南裕固族自治县,339,3391
民乐县,339,3392
临泽县,339,3393
高台县,339,3394
山丹县,339,3395
其它区,339,3396
崆峒区,340,3397
泾川县,340,3398
灵台县,340,3399
崇信县,340,3400
华亭县,340,3401
庄浪县,340,3402
静宁县,340,3403
其它区,340,3404
肃州区,341,3405
金塔县,341,3406
瓜州县,341,3407
肃北蒙古族自治县,341,3408
阿克塞哈萨克族自治县,341,3409
玉门市,341,3410
敦煌市,341,3411
其它区,341,3412
西峰区,342,3413
庆城县,342,3414
环县,342,3415
华池县,342,3416
合水县,342,3417
正宁县,342,3418
宁县,342,3419
镇原县,342,3420
其它区,342,3421
安定区,343,3422
通渭县,343,3423
陇西县,343,3424
渭源县,343,3425
临洮县,343,3426
漳县,343,3427
岷县,343,3428
其它区,343,3429
武都区,344,3430
成县,344,3431
文县,344,3432
宕昌县,344,3433
康县,344,3434
西和县,344,3435
礼县,344,3436
徽县,344,3437
两当县,344,3438
其它区,344,3439
临夏市,345,3440
临夏县,345,3441
康乐县,345,3442
永靖县,345,3443
广河县,345,3444
和政县,345,3445
东乡族自治县,345,3446
积石山保安族东乡族撒拉族自治县,345,3447
其它区,345,3448
合作市,346,3449
临潭县,346,3450
卓尼县,346,3451
舟曲县,346,3452
迭部县,346,3453
玛曲县,346,3454
碌曲县,346,3455
夏河县,346,3456
其它区,346,3457
城东区,347,3458
城中区,347,3459
城西区,347,3460
城北区,347,3461
大通回族土族自治县,347,3462
湟中县,347,3463
湟源县,347,3464
其它区,347,3465
平安区,348,3466
民和回族土族自治县,348,3467
乐都区,348,3468
互助土族自治县,348,3469
化隆回族自治县,348,3470
循化撒拉族自治县,348,3471
其它区,348,3472
门源回族自治县,349,3473
祁连县,349,3474
海晏县,349,3475
刚察县,349,3476
其它区,349,3477
同仁县,350,3478
尖扎县,350,3479
泽库县,350,3480
河南蒙古族自治县,350,3481
其它区,350,3482
共和县,351,3483
同德县,351,3484
贵德县,351,3485
兴海县,351,3486
贵南县,351,3487
其它区,351,3488
玛沁县,352,3489
班玛县,352,3490
甘德县,352,3491
达日县,352,3492
久治县,352,3493
玛多县,352,3494
其它区,352,3495
玉树市,353,3496
杂多县,353,3497
称多县,353,3498
治多县,353,3499
囊谦县,353,3500
曲麻莱县,353,3501
其它区,353,3502
格尔木市,354,3503
德令哈市,354,3504
乌兰县,354,3505
都兰县,354,3506
天峻县,354,3507
其它区,354,3508
兴庆区,355,3509
西夏区,355,3510
金凤区,355,3511
永宁县,355,3512
贺兰县,355,3513
灵武市,355,3514
其它区,355,3515
大武口区,356,3516
惠农区,356,3517
平罗县,356,3518
其它区,356,3519
利通区,357,3520
红寺堡区,357,3521
盐池县,357,3522
同心县,357,3523
青铜峡市,357,3524
其它区,357,3525
原州区,358,3526
西吉县,358,3527
隆德县,358,3528
泾源县,358,3529
彭阳县,358,3530
其它区,358,3531
沙坡头区,359,3532
中宁县,359,3533
海原县,359,3534
其它区,359,3535
天山区,360,3536
沙依巴克区,360,3537
新市区,360,3538
水磨沟区,360,3539
头屯河区,360,3540
达坂城区,360,3541
东山区,360,3542
米东区,360,3543
乌鲁木齐县,360,3544
其它区,360,3545
独山子区,361,3546
克拉玛依区,361,3547
白碱滩区,361,3548
乌尔禾区,361,3549
其它区,361,3550
高昌区,362,3551
鄯善县,362,3552
托克逊县,362,3553
其它区,362,3554
哈密市,363,3555
巴里坤哈萨克自治县,363,3556
伊吾县,363,3557
其它区,363,3558
昌吉市,364,3559
阜康市,364,3560
米泉市,364,3561
呼图壁县,364,3562
玛纳斯县,364,3563
奇台县,364,3564
吉木萨尔县,364,3565
木垒哈萨克自治县,364,3566
其它区,364,3567
博乐市,365,3568
阿拉山口市,365,3569
精河县,365,3570
温泉县,365,3571
其它区,365,3572
库尔勒市,366,3573
轮台县,366,3574
尉犁县,366,3575
若羌县,366,3576
且末县,366,3577
焉耆回族自治县,366,3578
和静县,366,3579
和硕县,366,3580
博湖县,366,3581
其它区,366,3582
阿克苏市,367,3583
温宿县,367,3584
库车县,367,3585
沙雅县,367,3586
新和县,367,3587
拜城县,367,3588
乌什县,367,3589
阿瓦提县,367,3590
柯坪县,367,3591
其它区,367,3592
阿图什市,368,3593
阿克陶县,368,3594
阿合奇县,368,3595
乌恰县,368,3596
其它区,368,3597
喀什市,369,3598
疏附县,369,3599
疏勒县,369,3600
英吉沙县,369,3601
泽普县,369,3602
莎车县,369,3603
叶城县,369,3604
麦盖提县,369,3605
岳普湖县,369,3606
伽师县,369,3607
巴楚县,369,3608
塔什库尔干塔吉克自治县,369,3609
其它区,369,3610
和田市,370,3611
和田县,370,3612
墨玉县,370,3613
皮山县,370,3614
洛浦县,370,3615
策勒县,370,3616
于田县,370,3617
民丰县,370,3618
其它区,370,3619
伊宁市,371,3620
奎屯市,371,3621
伊宁县,371,3622
察布查尔锡伯自治县,371,3623
霍城县,371,3624
巩留县,371,3625
新源县,371,3626
昭苏县,371,3627
特克斯县,371,3628
尼勒克县,371,3629
其它区,371,3630
塔城市,372,3631
乌苏市,372,3632
额敏县,372,3633
沙湾县,372,3634
托里县,372,3635
裕民县,372,3636
和布克赛尔蒙古自治县,372,3637
其它区,372,3638
阿勒泰市,373,3639
布尔津县,373,3640
富蕴县,373,3641
福海县,373,3642
哈巴河县,373,3643
青河县,373,3644
吉木乃县,373,3645
其它区,373,3646
中正区,374,3647
大同区,374,3648
中山区,374,3649
松山区,374,3650
大安区,374,3651
万华区,374,3652
信义区,374,3653
士林区,374,3654
北投区,374,3655
内湖区,374,3656
南港区,374,3657
文山区,374,3658
其它区,374,3659
新兴区,375,3660
前金区,375,3661
芩雅区,375,3662
盐埕区,375,3663
鼓山区,375,3664
旗津区,375,3665
前镇区,375,3666
三民区,375,3667
左营区,375,3668
楠梓区,375,3669
小港区,375,3670
其它区,375,3671
苓雅区,375,3672
仁武区,375,3673
大社区,375,3674
冈山区,375,3675
路竹区,375,3676
阿莲区,375,3677
田寮区,375,3678
燕巢区,375,3679
桥头区,375,3680
梓官区,375,3681
弥陀区,375,3682
永安区,375,3683
湖内区,375,3684
凤山区,375,3685
大寮区,375,3686
林园区,375,3687
鸟松区,375,3688
大树区,375,3689
旗山区,375,3690
美浓区,375,3691
六龟区,375,3692
内门区,375,3693
杉林区,375,3694
甲仙区,375,3695
桃源区,375,3696
那玛夏区,375,3697
茂林区,375,3698
茄b区,375,3699
中西区,376,3700
东区,376,3701
南区,376,3702
北区,376,3703
安平区,376,3704
安南区,376,3705
其它区,376,3706
永康区,376,3707
归仁区,376,3708
新化区,376,3709
左镇区,376,3710
玉井区,376,3711
楠西区,376,3712
南化区,376,3713
仁德区,376,3714
关庙区,376,3715
龙崎区,376,3716
官田区,376,3717
麻豆区,376,3718
佳里区,376,3719
西港区,376,3720
七股区,376,3721
将军区,376,3722
学甲区,376,3723
北门区,376,3724
新营区,376,3725
后壁区,376,3726
白河区,376,3727
东山区,376,3728
六甲区,376,3729
下营区,376,3730
柳营区,376,3731
盐水区,376,3732
善化区,376,3733
大内区,376,3734
山上区,376,3735
新市区,376,3736
安定区,376,3737
中区,377,3738
东区,377,3739
南区,377,3740
西区,377,3741
北区,377,3742
北屯区,377,3743
西屯区,377,3744
南屯区,377,3745
其它区,377,3746
太平区,377,3747
大里区,377,3748
雾峰区,377,3749
乌日区,377,3750
丰原区,377,3751
后里区,377,3752
石冈区,377,3753
东势区,377,3754
和平区,377,3755
新社区,377,3756
潭子区,377,3757
大雅区,377,3758
神冈区,377,3759
大肚区,377,3760
沙鹿区,377,3761
龙井区,377,3762
梧栖区,377,3763
清水区,377,3764
大甲区,377,3765
外埔区,377,3766
大安区,377,3767
金沙镇,378,3768
金湖镇,378,3769
金宁乡,378,3770
金城镇,378,3771
烈屿乡,378,3772
乌w乡,378,3773
南投市,379,3774
中寮乡,379,3775
草屯镇,379,3776
国姓乡,379,3777
埔里镇,379,3778
仁爱乡,379,3779
名间乡,379,3780
集集镇,379,3781
水里乡,379,3782
鱼池乡,379,3783
信义乡,379,3784
竹山镇,379,3785
鹿谷乡,379,3786
仁爱区,380,3787
信义区,380,3788
中正区,380,3789
中山区,380,3790
安乐区,380,3791
暖暖区,380,3792
七堵区,380,3793
其它区,380,3794
东区,381,3795
北区,381,3796
香山区,381,3797
其它区,381,3798
东区,382,3799
西区,382,3800
其它区,382,3801
万里区,383,3802
金山区,383,3803
板桥区,383,3804
汐止区,383,3805
深坑区,383,3806
石碇区,383,3807
瑞芳区,383,3808
平溪区,383,3809
双溪区,383,3810
贡寮区,383,3811
新店区,383,3812
坪林区,383,3813
乌来区,383,3814
永和区,383,3815
中和区,383,3816
土城区,383,3817
三峡区,383,3818
树林区,383,3819
莺歌区,383,3820
三重区,383,3821
新庄区,383,3822
泰山区,383,3823
林口区,383,3824
芦洲区,383,3825
五股区,383,3826
八里区,383,3827
淡水区,383,3828
三芝区,383,3829
石门区,383,3830
宜兰市,384,3831
头城镇,384,3832
礁溪乡,384,3833
壮围乡,384,3834
员山乡,384,3835
罗东镇,384,3836
三星乡,384,3837
大同乡,384,3838
五结乡,384,3839
冬山乡,384,3840
苏澳镇,384,3841
南澳乡,384,3842
钓鱼台,384,3843
竹北市,385,3844
湖口乡,385,3845
新丰乡,385,3846
新埔镇,385,3847
关西镇,385,3848
芎林乡,385,3849
宝山乡,385,3850
竹东镇,385,3851
五峰乡,385,3852
横山乡,385,3853
尖石乡,385,3854
北埔乡,385,3855
峨眉乡,385,3856
中坜市,386,3857
平镇市,386,3858
龙潭乡,386,3859
杨梅市,386,3860
新屋乡,386,3861
观音乡,386,3862
桃园市,386,3863
龟山乡,386,3864
八德市,386,3865
大溪镇,386,3866
复兴乡,386,3867
大园乡,386,3868
芦竹乡,386,3869
竹南镇,387,3870
头份镇,387,3871
三湾乡,387,3872
南庄乡,387,3873
狮潭乡,387,3874
后龙镇,387,3875
通霄镇,387,3876
苑里镇,387,3877
苗栗市,387,3878
造桥乡,387,3879
头屋乡,387,3880
公馆乡,387,3881
大湖乡,387,3882
泰安乡,387,3883
铜锣乡,387,3884
三义乡,387,3885
西湖乡,387,3886
卓兰镇,387,3887
彰化市,388,3888
芬园乡,388,3889
花坛乡,388,3890
秀水乡,388,3891
鹿港镇,388,3892
福兴乡,388,3893
线西乡,388,3894
和美镇,388,3895
伸港乡,388,3896
员林镇,388,3897
社头乡,388,3898
永靖乡,388,3899
埔心乡,388,3900
溪湖镇,388,3901
大村乡,388,3902
埔盐乡,388,3903
田中镇,388,3904
北斗镇,388,3905
田尾乡,388,3906
埤头乡,388,3907
溪州乡,388,3908
竹塘乡,388,3909
二林镇,388,3910
大城乡,388,3911
芳苑乡,388,3912
二水乡,388,3913
番路乡,389,3914
梅山乡,389,3915
竹崎乡,389,3916
阿里山乡,389,3917
中埔乡,389,3918
大埔乡,389,3919
水上乡,389,3920
鹿草乡,389,3921
太保市,389,3922
朴子市,389,3923
东石乡,389,3924
六脚乡,389,3925
新港乡,389,3926
民雄乡,389,3927
大林镇,389,3928
溪口乡,389,3929
义竹乡,389,3930
布袋镇,389,3931
斗南镇,390,3932
大埤乡,390,3933
虎尾镇,390,3934
土库镇,390,3935
褒忠乡,390,3936
东势乡,390,3937
台西乡,390,3938
仑背乡,390,3939
麦寮乡,390,3940
斗六市,390,3941
林内乡,390,3942
古坑乡,390,3943
桐乡,390,3944
西螺镇,390,3945
二仑乡,390,3946
北港镇,390,3947
水林乡,390,3948
口湖乡,390,3949
四湖乡,390,3950
元长乡,390,3951
屏东市,391,3952
三地门乡,391,3953
雾台乡,391,3954
玛家乡,391,3955
九如乡,391,3956
里港乡,391,3957
高树乡,391,3958
盐埔乡,391,3959
长治乡,391,3960
麟洛乡,391,3961
竹田乡,391,3962
内埔乡,391,3963
万丹乡,391,3964
潮州镇,391,3965
泰武乡,391,3966
来义乡,391,3967
万峦乡,391,3968
顶乡,391,3969
新埤乡,391,3970
南州乡,391,3971
林边乡,391,3972
东港镇,391,3973
琉球乡,391,3974
佳冬乡,391,3975
新园乡,391,3976
枋寮乡,391,3977
枋山乡,391,3978
春日乡,391,3979
狮子乡,391,3980
车城乡,391,3981
牡丹乡,391,3982
恒春镇,391,3983
满州乡,391,3984
台东市,392,3985
绿岛乡,392,3986
兰屿乡,392,3987
延平乡,392,3988
卑南乡,392,3989
鹿野乡,392,3990
关山镇,392,3991
海端乡,392,3992
池上乡,392,3993
东河乡,392,3994
成功镇,392,3995
长滨乡,392,3996
金峰乡,392,3997
大武乡,392,3998
达仁乡,392,3999
太麻里乡,392,4000
花莲市,393,4001
新城乡,393,4002
太鲁阁,393,4003
秀林乡,393,4004
吉安乡,393,4005
寿丰乡,393,4006
凤林镇,393,4007
光复乡,393,4008
丰滨乡,393,4009
瑞穗乡,393,4010
万荣乡,393,4011
玉里镇,393,4012
卓溪乡,393,4013
富里乡,393,4014
马公市,394,4015
西屿乡,394,4016
望安乡,394,4017
七美乡,394,4018
白沙乡,394,4019
湖西乡,394,4020
南竿乡,395,4021
北竿乡,395,4022
莒光乡,395,4023
东引乡,395,4024
中西区,396,4025
湾仔,396,4026
东区,396,4027
南区,396,4028
九龙城区,397,4029
油尖旺区,397,4030
深水肚,397,4031
黄大仙区,397,4032
观塘区,397,4033
北区,398,4034
大埔区,398,4035
沙田区,398,4036
西贡区,398,4037
元朗区,398,4038
屯门区,398,4039
荃湾区,398,4040
葵青区,398,4041
离岛区,398,4042
